Name,Thoughts,City,Visit again?,Location,coordinates
Brewlab,"Vibe: 5 / 5. This place is awesome. There‚Äôs two rooms, one with a coffee bar and one a makerspace with a bike fixing shop (!!!). Great spot to work. 

Taste: 4 / 5. The coffee was super well made, slightly on the acidic side but generally very balanced. Smooth taste. ",Chicago Area,4 - Would come again if I‚Äôm anywhere in the city,"630 S 5th St, Champaign, IL 61820","{'lat': 40.361613, 'lon': -88.427752}"
Well Coffeehouse,Vibe: 5/5. Honestly didn‚Äôt expect such a cool vibe from a coffee shop off the highway but here we are. Good vibes great merch. Taste: 5/5. The coffee is incredible. So much so I bought merch. ,Nashville,4 - Would come again if I‚Äôm anywhere in the city,"7618 Hwy 70S
Unit 107
Nashville, TN 37221
United States",
Pink Hermit Cafe,Vibe: 5/5. Super pink super cute. It‚Äôs located on the outside of a hotel but the hotel vibe doesn‚Äôt come through. Everyone super friendly as well. Taste: 4/5. Really good coffee as well!! ,Nashville,3 - Would visit again if I‚Äôm in the area,"231 Sixth Ave N
Nashville, TN  37219
United States",
The Quarters Coffee House,"Vibe: 5 / 5. This place is the perfect working environment. It‚Äôs unfortunate that they close early, because if not I‚Äôd work here for hours and hours. It‚Äôs a residential house (very nice house, might I add) where the bottom floor has been converted into a cafe. Great decor, good vibes, good music. 

Taste: 5 / 5. The coffee was also great, it was a hot day and the iced latte is what I needed. Was not watered down in the slightest.",Bay Area,5 - Would drive many hours to get to this place,"1015 Walnut Ave, Vallejo, CA 94592","{'lat': 38.0992969, 'lon': -122.27365959292662}"
The lighthouse,Vibe: 5/5. This is hidden away between huge corporate buildings but after stepping in you can‚Äôt tell you‚Äôre in the heart of capitalism. Very cozy and the people are super friendly! Taste: 4/5. I got the raspberry latte which was tasty but the raspberry syrup was a bit overpowering. The coffee taste was pretty enjoyable though. ,Bay Area,4 - Would come again if I‚Äôm anywhere in the city,"685 Gateway Blvd
South San Francisco, CA 94080
United States","{'lat': 37.6498475, 'lon': -122.4054413}"
Dr.ink,"Vibe: 5 / 5. Minimalistic, great music, great decor. Good wifi, amazing people. Very good scent. 

Taste: 4 / 5. I got a light sweet matcha which was really good! It was quite foamy, which I personally don‚Äôt mind. It tasted great. ",Bay Area,4 - Would come again if I‚Äôm anywhere in the city,"77 N Almaden Ave Suite 70, San Jose, CA 95110",
Canteen Coffee,"Vibe: 5 / 5. Super chill, great spot to work. LOVE the decor and everything. Good music, good people.

Taste: 5 / 5. Yes. Love this coffee. Strong espresso taste but not overpowering - didn‚Äôt really have notes of anything but super smooth and well made. Love. ",Bay Area,4 - Would come again if I‚Äôm anywhere in the city,1300 El Camino Real Suite 100,
Voyager Coffee,"Vibe: 5 / 5. This place reminds me of college. There‚Äôs a bunch of people here studying, working, drawing, yapping, and it makes me super nostalgic. A lot of seating, huge windows, great place to spend hours on end. 

Taste: 5 / 5. Their menu has traditional coffee drinks, but has location inspired coffee drinks on top. I got the Manila, which was a Ube + Mango + Coconut drink, which I expected to be very sweet but was incredibly balanced and tasted great. ",Bay Area,4 - Would come again if I‚Äôm anywhere in the city,"87 N San Pedro St, San Jose, CA 95110","{'lat': 37.3364297, 'lon': -121.8944297}"
Black Oak Coffee Roasters,"Vibe: 5 / 5. This place was super spacious, well lit, had a super cool backyard and lots of spaces to work. The vibes were high!

Taste: 4 / 5. The coffee was roasted inhouse and tasted great (bold espresso taste + not too milky). ALSO the banana bread was super tasty. ",Bay Area,4 - Would come again if I‚Äôm anywhere in the city,"324 Center St, Healdsburg, CA 95448","{'lat': 38.61151995, 'lon': -122.86940535}"
Verve Coffee Roasters,"Vibe: 5 / 5
Love their backyard (except when it‚Äôs raining) and there is good indoor space which makes it perfect to work in. Good decor generally and feels like a very cozy place

Taste: 4 / 5
I usually get a cappuccino or latte here, which I enjoy. I just wish the coffee taste was stronger. Consistency and texture wise very nicely balanced. ",Bay Area,3 - Would visit again if I‚Äôm in the area,"162 University Ave, Palo Alto, CA 94301","{'lat': 37.4441973, 'lon': -122.16302405047638}"
Cafe Borrone,"Vibe: 4 / 5. Twas poppin! Good natural light, lots of people. Maybe a little too many, might‚Äôve been a little congested but overall quite nice. 

Taste: 4 / 5. Really good coffee, loved the espresso flavor. ",Bay Area,3 - Would visit again if I‚Äôm in the area,"1010 El Camino Real, Menlo Park","{'lat': 37.4529058, 'lon': -122.182008}"
Andytown Coffee Roasters ,"Vibe: 5 / 5. Perfect decor! Super cute, lots of outdoor seating, much less indoors though. Cute music, cute setup. Really nice. Taste: 3 / 5. It‚Äôs bold. The espresso tastes very strong, which is good. It was a little too milky but generally super well made. ",Bay Area,3 - Would visit again if I‚Äôm in the area,"1302 El Camino Real, Menlo Park, CA 94025","{'lat': 37.4553977, 'lon': -122.1862202}"
Mademoiselle Colette,"Vibe: 4 / 5. Super french. Super cafe. Not a work spot, but super chill to come hang out with people. Has outdoor seating. Taste: 4 / 5. Strong espresso taste. Well made. Cheaper than others I‚Äôve had around. ",Bay Area,3 - Would visit again if I‚Äôm in the area,"816 Santa Cruz Ave, Menlo Park, CA 94025","{'lat': 37.4508447, 'lon': -122.1853987}"
Red Rock Coffee,"Vibe: 5 / 5. Whatever you‚Äôre looking to do, this place is super cool. If you‚Äôre there to work, they have an upper area to do just that or if you‚Äôre there to hang out they have a bunch of seating. The place is well lit and the staff is very chill.

Taste: 3 / 5. The coffee was okay. The espresso taste was there, but it was a little too milky. ",Bay Area,3 - Would visit again if I‚Äôm in the area,"201 Castro St, Mountain View, CA 94041","{'lat': 37.3936438, 'lon': -122.0788638}"
Coffeebar,"Vibe: 5 / 5. Super cool work space! Big windows, good lighting, super spacious. Taste: 3 / 5. Very ‚Ä¶ basic. Not really a rich taste or make, which is not my vibe. Seems like I could make it. ",Bay Area,2 - Would stop by if I stumble upon this place again,"1149 Chestnut St, Menlo Park, CA 94025","{'lat': 37.4521118, 'lon': -122.1854639}"
Saint Frank‚Äôs Coffee,Vibe: 2 / 5: It‚Äôs a shack with outdoor seating,Bay Area,2 - Would stop by if I stumble upon this place again,"1018 Alma St, Menlo Park, CA 94025","{'lat': 37.454740900000004, 'lon': -122.18151664999999}"
1369 Coffee,"Vibe: 5 / 5. Super cozy, super cute place. It‚Äôs raining and grey outside, and this is exactly where I‚Äôd wanna be in this weather. Not the most spacious, but it‚Äôs great. Taste: 5 / 5! Not sure what beans these are, but strong espresso taste and a super well made coffee. Coffee taste might be up there w sightglass. ",Boston,4 - Would come again if I‚Äôm anywhere in the city,"757 Massachusetts Ave
Cambridge, MA 02139
United States","{'lat': 42.3665431, 'lon': -71.1053039}"
Cafe Vittoria,"Vibe: 4 / 5. Pretty vintage, but a little crowded. It was hard to get by tables. If you‚Äôre looking for a good hangout, this is a great spot! Not a place you‚Äôd be able to work though. 

Taste: 3 / 5. Very standard coffee, little on the milky side and couldn‚Äôt taste the espresso much at all. ",Boston,2 - Would stop by if I stumble upon this place again,"290-296 Hanover St, Boston, MA 02113","{'lat': 42.3640676, 'lon': -71.054375}"
HITW Coffee,"Vibe: 5 / 5. Honestly, this was a fascinating place, definitely one if its kind of all the places I‚Äôve been to so far. The barista there was incredible, she chatted with us for a while while our coffee was being made (apparently it‚Äôs just 1 person that runs the shop, the owner aside). She told us the lore of how their specialty, the coco cold brew came to be - one of their hungover neighbors would come to the shop, get a coconut water and then cold brew before their way out. One day, they were running late, so they mixed the two and voila, the unique drink was formed. The environment was very comfortable, reminded me of a regular tea stall you might go to on your way out of the house in India. 

Taste: 5 / 5. My friend ordered the coco cold brew and that was fascinating. Had 3 layers of taste, and it was honestly unlike anything I‚Äôd had before. Their espresso machine wasn‚Äôt working and I got the North Beach, and despite not being the biggest non-espresso coffee drinker, this was fantastic. The notes came through in the pour over, it was sweet but just the right amount. ",SF,6 - Would fly in to come to this place again,"524 Union St, San Francisco, CA 94133","{'lat': 37.8000367, 'lon': -122.412483}"
Golden Goat Coffee,"Vibe: 5 / 5. Very cute little shop in an alley, not very much seating space but I love their decor! People were super nice too - line is usually out the door though.
Taste: 5 / 5 I got their Pandan Matcha Latte and it was phenomenal. This particular drink was definitely more of a treat coffee, but their latte is amazing too. Highly recommend.",SF,6 - Would fly in to come to this place again,"599 3rd St #100, San Francisco, CA 94107",
Damnfine Coffee,"Vibe: 5 / 5: It was almost hard to find lol, but it‚Äôs super cozy, great little setup. The one downside is that there isn‚Äôt much seating, but it‚Äôs a few blocks from the beach so just headed there to sip my coffee. Taste: 4 / 5: Super nice coffee! Smooth texture, pretty balanced espresso taste (which does mean that it wasn‚Äôt as bold as I like it, but it was still damn fine.) ",SF,4 - Would come again if I‚Äôm anywhere in the city,"4033 Judah St, San Francisco, CA 94122","{'lat': 37.7619353, 'lon': -122.4703804}"
Vive La Tarte,"Vibe: 5 / 5. I‚Äôve yet to see anything that‚Äôs close to King St in terms of vibe but this gets really close. This is on a super cute block, good vibes with plants and a coffee bar setup. Outdoor seating as well. Nice. Taste: ",SF,4 - Would come again if I‚Äôm anywhere in the city,"4026 24th St
San Francisco, CA 94114
United States","{'lat': 37.7514842, 'lon': -122.4325266}"
Bernie‚Äôs,"Vibe: 5 / 5. Super cozy, super nice. Looks like it‚Äôs a 100 years old, bunch of plants. Bernie (also the barista) was amazing, gave us great suggestions. 

Taste: 5 / 5! Got a honey hazelnut latte, it hit the spot. Right what I needed at the time, not terribly sweet, not overpowering flavors, great taste. A friend of mine got an americano with Oatmilk which was also incredible. ",SF,4 - Would come again if I‚Äôm anywhere in the city,"3966 24th St, San Francisco, CA 94114","{'lat': 37.7514262, 'lon': -122.4320487}"
Four Barrel Coffee,"Vibe: 5 / 5. Fascinating space, loved it! They have a roastery in the back, it was very spacious and and was well lit. Super cute cups too lol. 
Taste: 4 / 5. The foam was super acidic which made the taste bad to begin with, but after I stirred it in, the coffee was awesome. Espresso tasted light and sweet and the consistency was really nice. ",SF,4 - Would come again if I‚Äôm anywhere in the city,"375 Valencia St, San Francisco, CA 94103","{'lat': 37.7714094, 'lon': -122.4225297}"
Home Coffee Roasters,"Vibe: 5 / 5. Very well lit, great wifi, great people, great spot to hang out and chat or get a lot of work done. I sat there for quite a few hours, first working and then people watching and never got tired of it. 

Taste: 5 / 5. The coffee was awesome! The espresso flavor was on the sweeter side but the coffee had a great balance. Would get again.",SF,4 - Would come again if I‚Äôm anywhere in the city,"1222 Noriega St, San Francisco, CA 94122","{'lat': 37.75442495, 'lon': -122.47701006447889}"
Cento Coffee Systeme D,"Vibe: 5 / 5. This place is energizing!! It‚Äôs located in the Center for Architecture + Design so naturally it has amazing decor.

Taste: 4 / 5. The coffee was very solid. Got a latte, the espresso came through and tasted great. ",SF,4 - Would come again if I‚Äôm anywhere in the city,"140 Sutter St, San Francisco, CA 94104","{'lat': 37.7900538, 'lon': -122.4021372}"
Neighbor‚Äôs Corner,"Vibe: 5 / 5. Def lives up to the name, extremely friendly people and generally a very welcoming place. Would spend a day working here for sure. Taste: 4 / 5. Nothing too fancy, standard good cup of coffee. It was a rainy day and the coffee definitely hit the spot. ",SF,4 - Would come again if I‚Äôm anywhere in the city,"499 Douglass St
San Francisco, CA 94114
United States","{'lat': 37.7623363, 'lon': -122.4395179}"
Third Wheel Coffee,"Vibe: 3 / 5: Located in a small corner shop, cute little coffee cart. Didn‚Äôt have much seating though except some outside. Taste: 5 / 5. Really good coffee. Tasted really smooth and bold, was hot and great consistency. ",SF,4 - Would come again if I‚Äôm anywhere in the city,"535 Scott St, San Francisco, CA 94117","{'lat': 37.7747967, 'lon': -122.4361766}"
Earth Tone Cafe,"Vibe: 5 / 5. This place is how I‚Äôd like to set up my eventual cafe. It has only a few spots to sit, but each one of them is very very cozy. They always have great music and great vibes. 

Taste: 5 / 5. Their banana latte might be one of my favorite coffee drinks. They used mashed bananas so the drink itself is chunky, which I really like. I haven‚Äôt seen this being done in many other coffee places, though I‚Äôm sure they‚Äôre not the first. ",SF,4 - Would come again if I‚Äôm anywhere in the city,"1097 Irving St, San Francisco, CA 94122","{'lat': 37.7637817, 'lon': -122.4693255}"
Kopiku Coffee,"Vibe: 4 / 5. I came to this place after I saw a reel about it, which probably explains the long line when I got there. Waited for about 15 minutes. The coffee was expensive, but the sitting area (if you can snag a spot) was cute.
Taste: 5 / 5. I got the pandan latte w a double shot and it was extremely tasty. It was light, but I could distinctly taste the espresso which had a distinct flavor. ",SF,4 - Would come again if I‚Äôm anywhere in the city,"1443 Lombard St, San Francisco, CA 94123","{'lat': 37.8009682, 'lon': -122.4253558}"
Motoring Cafe,"Vibe: 5/5. This place is sick! There are multiple cars on display (which are apparently rotated through, though I can‚Äôt confirm) but you can sit inside one of the cars too. Great place to work, super spacious and super well lit. 

Taste: 4/5. Got a cappuccino, didn‚Äôt expect chocolate in it but it worked nonetheless. The coffee taste was good though was masked by the chocolate. ",SF,4 - Would come again if I‚Äôm anywhere in the city,"1525 Union St, San Francisco, CA 94123","{'lat': 37.7982178, 'lon': -122.4266786}"
Sana‚Äôa Coffee,"Vibe: 4 / 5. Can see this being a 5 for a bunch of people, the place is massive, recently opened so it‚Äôs very clean, the decor is clean and the layout is spacious. Decor is traditional - my only down side is that this would probably not be a work 8 hours a day kinda space. Taste: 4 / 5. Got the sana‚Äôa latte. It‚Äôs bold. Interesting. Have not tasted anything like this before. It has cardamom and some other spices in it which gives it a very unique flavor. 4 / 5 because it was $7.20 ü•≤",SF,4 - Would come again if I‚Äôm anywhere in the city,"199 New Montgomery St
San Francisco, CA 94105
United States","{'lat': 37.786486, 'lon': -122.3991453}"
Ritual Coffee Roasters,"Vibe: 5 / 5! Suuuuper cute. Minimalistic with plants, also really nice decor. People were super nice and there‚Äôs outdoor seating. Taste: 4 / 5. Really good roast, and well made coffee. The coffee tastes light and airy (which is perfectly good)!",SF,3 - Would visit again if I‚Äôm in the area,"1026 Valencia St
San Francisco, CA 94110
United States","{'lat': 37.7564167, 'lon': -122.4212286}"
California Kahve,"Vibe: 5 / 5: Another one of a kind shop which I stumbled upon on a stroll through Golden Gate park. It‚Äôs a caravan that was decorated like a coffee shop with cute decor and some benches nearby which made it a great place to stop and get some coffee. 
Taste: 4 / 5: I really enjoyed the latte, but I felt like the espresso taste was a bit overpowered by the milk proportion. Still great consistency and flavor. ",SF,3 - Would visit again if I‚Äôm in the area,"201 Lincoln Blvd, San Francisco, CA 94129","{'lat': 37.8003322, 'lon': -122.4680455}"
Noe Cafe,"Vibe: 4 / 5. Super cute, has lots of outdoor seating, inside felt a little cramped. Baristas were alright! Coffee: 5 / 5. Super great coffee! It was great flavor, great ratios, great blend of creaminess and flavor. Super nice. ",SF,3 - Would visit again if I‚Äôm in the area,"1299 Sanchez St, San Francisco","{'lat': 37.7484974, 'lon': -122.429217}"
Sightglass Coffee,"Vibe: 3 / 5. Solid work spot barring the lack of charging points. It can also be a little noisy because they‚Äôre usually roasting beans around, but still the upstairs area is great to work out of. 

Taste: 5 / 5. Love Sightglass. It‚Äôs probably some of my favorite tasting beans - they‚Äôre awesome. Perfect strong espresso taste, and coffee was very well made as well. ",SF,3 - Would visit again if I‚Äôm in the area,"270 7th St, San Francisco, CA 94103","{'lat': 37.7770339, 'lon': -122.4084399}"
Spro Coffee Lab,Vibe: 4 / 5. Cute little corner shop I loved the reddish pink color theme (coffee shops def need to embrace color more). Not very big but def very cute. Also really like that it‚Äôs called Coffee lab. Taste: 5 / 5. Sightglass! Good coffee per usual. Well made too! I know I consume a lot of sightglass because I could tell the taste üò≠¬†,SF,3 - Would visit again if I‚Äôm in the area,"500 Church St
San Francisco, CA 94114
United States","{'lat': 37.762776, 'lon': -122.4286683}"
Cafe La Boheme,"Vibe: 3 / 5: Old cafe run by an old (Turkish?) uncle. Not too many people there, felt like I went back in time when I entered. Super reminiscent of shops back home, but it was slightly dirty. 

Taste: 4 / 5: Got a cardamom latte and ngl it worked really well! Reminded me of cardamom in chai so that‚Äôs probably why as well. Good coffee and was super quick.",SF,3 - Would visit again if I‚Äôm in the area,"3318 24th St
San Francisco, CA 94110
United States","{'lat': 37.7523144, 'lon': -122.4189203}"
Java Beach Cafe,"Vibe: 4 / 5: Small cute cafe by the beach, had some great outdoor seating but felt a little cramped. Definitely good spaces to sit if you can snag one though. Taste: 4 / 5: The coffee was very good! The latte was not too hot (like I prefer) but the sweet espresso taste came through and it was balanced in its milkiness",SF,3 - Would visit again if I‚Äôm in the area,"1396 La Playa St
San Francisco, CA 94122
United States","{'lat': 37.7604494, 'lon': -122.508978}"
La Stanzione,"Vibe: 4 / 5: Corner shop, not a lot of seating space but very cute! Has some outdoor seating and def a good place to work if you can snag a spot. 
Taste: 4 / 5: Good consistency, though the milkiness overpowered a little bit. Espresso taste was really good. ",SF,3 - Would visit again if I‚Äôm in the area,"701 Pennsylvania Ave, San Francisco, CA 94107","{'lat': 37.757499, 'lon': -122.392872}"
Wrecking Ball Coffee Roasters,"Vibe: 4 / 5. It was a great setup, they had a little coffee bar area which I‚Äôm a fan of. There was very limited seating which was a bit of a bummer. 
Taste: 4 / 5. Really well made coffee - they roast their own beans and they had that setup in the back, and it tasted very light and perfectly acidic which was awesome. ",SF,3 - Would visit again if I‚Äôm in the area,"2271 Union St, San Francisco, CA 94123","{'lat': 37.7968216, 'lon': -122.4366447}"
Ikon Coffee,"Vibe: 5/5. Minimalistic decor, the barista was great. Limited seating but we managed to snag a spot outside and it was pretty quiet and chill. Taste: 4/5. Got a cortado which tasted great, espresso was bold and intense which we love. ",SF,3 - Would visit again if I‚Äôm in the area,"1302 22nd St, San Francisco","{'lat': 37.7556454, 'lon': -122.4154144}"
Bazaar Cafe,"Vibe: 4 / 5. It was super cute, good seating arrangement and the people were very nice. 

Taste: 4 / 5. I got one of their flavored lattes and it was very well balanced with the espresso flavor. ",SF,3 - Would visit again if I‚Äôm in the area,"5927 California St
San Francisco, CA 94121
United States","{'lat': 37.7839125, 'lon': -122.48120928552632}"
Duboce Cafe,"Vibe: 5/5. It‚Äôs by duboce park, so super cute and cozy. I like the place a lot. Taste: 3/5. The coffee taste is bold. Pretty acidic too. I like it but not the hugest fan. ",SF,3 - Would visit again if I‚Äôm in the area,"2 Sanchez St
San Francisco, CA  94114
United States","{'lat': 37.7586185, 'lon': -122.4303556}"
Farley‚Äôs Coffee,"Vibe: 5 / 5. I love the vibe! They‚Äôre decidedly a no laptop / no wifi place and brand them as such. Great to chill here. The only issue is that you can‚Äôt work here. Taste: 4 / 5. Hot day, got an iced matcha latte. It was quite good! Also got a croissant which was quite good too. ",SF,3 - Would visit again if I‚Äôm in the area,"1315 18th St
San Francisco, CA 94107
United States","{'lat': 37.7625276, 'lon': -122.3960033}"
Iron Horse Coffee,Vibe: 5 / 5. Super cute bar setup with a small coffee setup next to it. Could sit there and talk for days. Taste: 3 / 5. Smooth but a little too milky. Would‚Äôve liked bolder espresso taste,SF,3 - Would visit again if I‚Äôm in the area,"25 Maiden Ln
San Francisco, CA 94108
United States","{'lat': 37.7880507, 'lon': -122.4066006}"
La Promenade,Vibe: 5/5. Very victorian? spacious w books. Taste: 3/5. The latte was not bad but very milky. ,SF,3 - Would visit again if I‚Äôm in the area,"3643 Balboa St
San Francisco, CA 94121
United States","{'lat': 37.7755506, 'lon': -122.4981604}"
Coffee to the People,"Vibe: 4 / 5. Comfy couches and lots of sunlight + books / games, very cool place to chill at. Taste: 3 / 5. Their coffee was okay ‚Äî little diluted but tasty nonetheless. ",SF,3 - Would visit again if I‚Äôm in the area,"1206 Masonic Ave, San Francisco, CA 94117","{'lat': 37.7700462, 'lon': -122.4451497}"
Equator Coffees,"Vibe: 5 / 5. This is the Equator shack in Fort mason. I really like this location because you can go for a walk along the pier right after grabbing coffee. There‚Äôs no real place to sit, but it‚Äôs a great spot to stop by.

Taste: 3 / 5. I got their Habibi latte, which had vanilla + cinnamon + something I forget. Personally, the Sana‚Äôa latte at Sana‚Äôa cafe is better. I guess that‚Äôs what they get for cultural appropriation. ",SF,3 - Would visit again if I‚Äôm in the area,"2 Marina Blvd, San Francisco, CA 94123","{'lat': 37.8068213, 'lon': -122.430775}"
Verve Coffee Roasters,"Vibe: 4/5. It‚Äôs super cute and a good location to work.

Taste: 4/5. I got the cappuccino which was solid. Pretty foamy, good bold espresso taste, nothing to complain about. ",SF,3 - Would visit again if I‚Äôm in the area,"2101 Market St, San Francisco, CA 94114","{'lat': 37.7670978, 'lon': -122.4291409}"
Pixlcat Coffee,"Vibe: 4/5. Huge fan of their logo. The inside was bright but a little cramped, but still a great spot to work. 

Taste: 4/5. Their cappuccino was bold but slightly sweet, well made! I didn‚Äôt have a chance to try their specials but the people ordering them seemed to be enjoying them. ",SF,3 - Would visit again if I‚Äôm in the area,"519 Clement St, San Francisco, CA 94118","{'lat': 37.7830628, 'lon': -122.4619902}"
Martha & Bros Coffee Co. ,"Vibe: 5 / 5. I was here on a cloudy day and this place was perfect, snug and cozy. Good chill music, also has outdoor seating. Can spend hours here. Taste: 3 / 5. It‚Äôs good standard coffee. Nothing extraordinary, but standard and good. Would recommend as a starting coffee for sure. ",SF,2 - Would stop by if I stumble upon this place again,"3868 24th St
San Francisco, CA 94114
United States","{'lat': 37.7517045, 'lon': -122.4289873}"
Day Moon,"Vibe: 4 / 5. Super cute! People are really nice but not that much seating space. In the middle of a neighborhood so quite quiet but really enjoyed sitting here. Taste: 3 / 5. Well made coffee, decently creamy and balanced but didn‚Äôt love the taste of the espresso. ",SF,2 - Would stop by if I stumble upon this place again,"3928 Irving St, San Francisco, CA 94122","{'lat': 37.762693, 'lon': -122.5001682}"
Diamond Cafe,"Vibe: 3 / 5: It‚Äôs kinda cute. There‚Äôs good outdoor seating, inside is old but sturdy. People were super nice! Taste: 3 / 5. It was alright. Not life changing, but solid coffee. Would‚Äôve liked it if was hotter. Def got my caffeine fix.",SF,2 - Would stop by if I stumble upon this place again,"751 Diamond St, San Francisco, CA 94114","{'lat': 37.751336949999995, 'lon': -122.43614490278816}"
UpForDayz,"Vibe: 4 / 5. It was quite cute! They had this lil coffee train thing at the back which was exciting to see (have never seen it so far). Taste: 2 / 5. It‚Äôs ‚Ä¶ too milky. Couldn‚Äôt taste the coffee at all. In their defense, seemed like they specialize in cold brew, which I totally believe. They had some other exciting flavors too, just not my type. ",SF,2 - Would stop by if I stumble upon this place again,"1198 Valencia St
San Francisco, CA 94110
United States","{'lat': 37.7463586, 'lon': -122.4201215}"
The Beanery,"Vibe: 3 / 5: Cute little shop with good outdoor seating, felt very homey with people just vibing. The vibes felt off with the barista though, they were rushing me through my order like they just wanted me out of there. Taste: 3 / 5. Nothing spectacular, but I liked the addition of foam on top of my iced latte. Tasted pretty solid. ",SF,2 - Would stop by if I stumble upon this place again,"1307 9th Ave
San Francisco, CA 94122
United States",
Wooden Coffeehouse,"Vibe: 4 / 5. Place was popping! I liked the decor but they went a little heavy with the halloween theme to the point that it was genuinely creepy. 
Taste: 3 / 5. It was good solid coffee and well made. Nothing standout, very safe. ",SF,2 - Would stop by if I stumble upon this place again,"862 Cole St, San Francisco, CA 94117","{'lat': 37.7659341, 'lon': -122.449872}"
The Coffee Movement,"Vibe: 3 / 5. Not very much my kind of place - didn‚Äôt have a lot of seating and was cramped, but their decor was super cute. Taste: 4 / 5. I got their seasonal special latte, which was tasty! Flavors balanced nicely and was not too sweet. ",SF,2 - Would stop by if I stumble upon this place again,"1030 Washington St
San Francisco, CA 94109
United States","{'lat': 37.7939965, 'lon': -122.4156809}"
Temos Coffee,"Vibe: 4/5 The place was super cute! Went here early morning to get some coffee after a flight and would sit here for a while if I had the time. Taste: 3/5: Latte was a little too milky and didn‚Äôt give the coffee taste, but the foam was quite tasty. ",SF,2 - Would stop by if I stumble upon this place again,"3000 24th St
San Francisco, CA 94110
United States","{'lat': 37.7527255, 'lon': -122.4121046}"
Cafe Reveille,"Vibe: 4 / 5. Super cute, very cozy and had lots of seating. Super full too with work spots. Taste: 2 / 5. Wasn‚Äôt the strongest espresso taste, and everything got meddled up. Not the best coffee I‚Äôve ever had.",SF,2 - Would stop by if I stumble upon this place again,"1998 Polk St
San Francisco, CA 94109
United States","{'lat': 37.7949053, 'lon': -122.4214053}"
Cafe de Casa,"Vibe: 4 / 5. It‚Äôs a super cute place, maybe a lil technologically advanced bc i don‚Äôt wanna order on qr codes but decor wise very cute. Taste: 3 / 5. Quite diluted. Didn‚Äôt taste espresso at all",SF,2 - Would stop by if I stumble upon this place again,"3985 17th St
San Francisco, CA 94114
United States","{'lat': 37.7624143, 'lon': -122.434726}"
Le Cafe du Soleil,"Vibe: 4 / 5. Very well lit and lots of seating. Great place to work. Has good wifi. 

Taste: 3 / 5. I got the iced matcha which was not bad. Little diluted, but tasted decent! ",SF,2 - Would stop by if I stumble upon this place again,"400 Waller St, San Francisco, CA 94117","{'lat': 37.7688864, 'lon': -122.4483136}"
Blackbird Bookstore and Cafe,"Vibe: 5 / 5. It‚Äôs a bookstore, of course it has great vibes. This place has a very nice backyard (with a deconstructable golden gate bridge) and super cute seating which is private enough despite being in a shared space. Very cool design. 

Taste: 3 / 5. Their cortado was VERY bold. And by that I mean the espresso taste was a little overpowering. A great tasting espresso, but overpowering nonetheless. ",SF,3 - Would visit again if I‚Äôm in the area,"4541 Irving St, San Francisco, CA 94122","{'lat': 37.76211465, 'lon': -122.50676865231284}"
Telve Cafe,"Vibe: 5 / 5. There‚Äôs a super cozy corner which I unfortunately didn‚Äôt get to sit in but I knew I‚Äôd spent a long time in if I did. Great wifi, great working atmosphere, good vibes. They had a sand heating setup for Turkish coffee which was quite cool too.

Taste: 4 / 5. My first taste of Turkish Coffee! It was pitched to me as ‚Äúbold as espresso but not as bitter‚Äù and honestly held completely true to the description. I still prefer espresso, but definitely worth the experience.",SF,3 - Would visit again if I‚Äôm in the area,"2163 Union St, San Francisco, CA 94123","{'lat': 37.79693255, 'lon': -122.4347977862464}"
The Buoy,"Vibe: 5 / 5. Super boujee, super fancy but also super cozy. A very unsuspecting spot, hard to tell what it is but once you‚Äôre inside it‚Äôs a great place to work and hang out. 

Taste: 4 / 5. I got a toasted coconut latte. The coconut flavor was good but REALLY strong. The first few sips were great, but once the flavor settled a little bit the last few were hard to get through. ",SF,3 - Would visit again if I‚Äôm in the area,"22 Franklin St, San Francisco, CA 94102","{'lat': 37.774724, 'lon': -122.4207064}"
California Kahve - Presidio,"Vibe: 3 / 5. The surrounding area is great, but the truck itself is in a heavily trafficked spot where everyone‚Äôs coming to grab lunch. The walk afterwards is pristine though. 

Taste: 3 / 5. I got their seasonal special but received a matcha instead. The matcha was okay, but was too milky and the matcha taste (or any other flavor, which were added) didn‚Äôt come through at all. ",SF,2 - Would stop by if I stumble upon this place again,"Presidio Tunnel Top, 210 Lincoln Blvd, San Francisco, CA 94123",
Union Coffee Roastery,"Vibe: 3 / 5. This is an okay place to work, but a little hard to find outlets. They didn‚Äôt have wifi either. They do have good seating though. 

Taste: 3 / 5. The coffee here was okay. Too diluted so didn‚Äôt taste the best. ",SF,2 - Would stop by if I stumble upon this place again,"2191 Union St, San Francisco, CA 94123","{'lat': 37.79699675, 'lon': -122.43521944818204}"
Diamond Coffee and Pastry,"Vibe: 5 / 5. This place is very cute, though I might be biased because I came here on a date. But I really like their decor, they have great spots to sit. This would make a great place to work. They have great desserts too. 

Taste: 4 / 5. The coffee was good! It was a strong espresso taste and blistering hot, which I really like. ",SF,3 - Would visit again if I‚Äôm in the area,"1014 Clement St, San Francisco, CA 94118","{'lat': 37.7828226, 'lon': -122.4701975}"
The Beanery,"Vibe: 3 / 5. Great lighting, but this place was uninspiring. Felt like a beat down spot where no one, including the people running the place, wanted to be. 

Taste: 2 / 5. The coffee was really watered down so it almost felt like I was drinking a glass of cold milk. ",SF,1 - Would not visit again,"602 Irving St, San Francisco, CA 94122","{'lat': 37.764262, 'lon': -122.464394}"
Java Beach at the zoo,"Vibe: 4 / 5. This felt like a classic beach town coffee shop. Breezy, very well lit. Couldn‚Äôt sit here to work but I don‚Äôt think that‚Äôs the intended effect. 

Taste: 3 / 5. The coffee was okay. I got a cappuccino which was closer to a latte, which is fine, but I suppose the takeaway is that expect your drinks to feel a little diluted. ",SF,2 - Would stop by if I stumble upon this place again,"2650 Sloat Blvd, San Francisco, CA 94116","{'lat': 37.73568935, 'lon': -122.50294128199961}"
Dayglow Coffee,"Vibe: 5 / 5. Very well lit, the people were awesome. They had a grinding setup but also had a brewery setup which was super cool. Didn‚Äôt get a chance to go to their nightclub setup though. 

Taste: 5 / 5. One of the best espresso based drinks I‚Äôve ever had. I got the Warhol2.0, which was coconut + citrus + cinnamon and espresso and it was incredible. Every sip was amazing, and the flavors balanced out each other very very well. ",NYC,6 - Would fly in to come to this place again,"8 Wilson Ave, Brooklyn, NY 11237","{'lat': 40.7035189, 'lon': -73.9309743}"
Perk Coffee,"Vibe: 5 / 5
SO CUTE. Really tucked away, kinda hard to find honestly lol. Very cozy, very cute decorations. Honestly looked like a snow cabin with a great view. 

Taste: 5 / 5
The barista recommended the brown sugar latte and OH MY GOD it was so good. Really good balance in texture, really good balance in sweetness where the flavor didn‚Äôt overpower the sweetness. Would 100% get again. ",NYC,5 - Would drive many hours to get to this place,"162 E 37th St, New York, NY 10016","{'lat': 40.7476444, 'lon': -73.97731040650478}"
King‚Äôs Street Coffee,"Vibe: 5 / 5
SO COZY, So many plants, great decor, people were the friendliest, amazing ambiance to work

Taste: 5 / 5
SUCH smooth coffee, got a hazelnut latte. The taste was great. The Hazelnut was amazing, espresso was really really nice",NYC,4 - Would come again if I‚Äôm anywhere in the city,"121 W 30th St, New York, NY 10001","{'lat': 40.747834, 'lon': -73.9906751}"
Sorella Coffee,"Vibe: 5 / 5
Very small place but immaculate vibes. Very cute decor but can only seat like 5 people at a time. But if you get the one cute spot they have it‚Äôs SO nice. 

Taste: 5 / 5
Hazelnut latte, amazing. Exactly what I needed at the time. ",NYC,4 - Would come again if I‚Äôm anywhere in the city,"145 E 27th St, New York, NY 10016","{'lat': 40.7416112, 'lon': -73.9816611}"
Black Fox Coffee,"Vibe: 4 / 5. The store is small but the surrounding is very cute! Only outdoors so def a very summer vibe. Taste: 5 / 5. Very tasty, espresso came off strong and wasn‚Äôt too milky or watery. ",NYC,4 - Would come again if I‚Äôm anywhere in the city,"550 Madison Ave
55th & 56th Streets
New York, NY 10022
United States",
St Kilda Coffee,"Vibe: 4 / 5. Shop is in the basement with stairs leading to it. I love the decor, it‚Äôs grafittied and has very cute decor in general. 

Taste: 4 / 5. Very god coffee! Perfectly balanced, good foam and taste. ",NYC,4 - Would come again if I‚Äôm anywhere in the city,"328 W 44th St, New York, NY 10036","{'lat': 40.75890055, 'lon': -73.99024158572574}"
Le Caf√© Coffee,"Vibe: 4 / 5
I loved the decor of this place. It wasn‚Äôt too busy, great vibes, great music choice. The only reason it‚Äôs not a 5 is bc they didn‚Äôt have a conducive work environment (no wifi, no bathroom) so I couldn‚Äôt spend as long as I wanted to here. 

Taste: 4 / 5
Got a lavender latte, REALLY liked the flavor. It was a little too sweet despite getting just 1 pump of lavender. Well prepared, and the barista made me a sweet little flower on top too. ",NYC,3 - Would visit again if I‚Äôm in the area,"1440 Broadway, New York, NY 10018","{'lat': 40.7543579, 'lon': -73.9866072}"
PlantShed,"Vibe: 4 / 5
Plants just make the vibe go up so much and this place is also a plant shop so obviously great vibes. Really good location, very calming spot. 

Taste: 4 / 5
Got a latte, really smooth and great taste. Was very balanced sweetness wise despite not getting any flavors or sugar. ",NYC,3 - Would visit again if I‚Äôm in the area,"193 2nd Ave, New York, NY 10003",
Devocion,"Vibe: 5 / 5
Brick and mortar decor combined with very classy decor gave this place a very warm and homely feeling. Super cozy and a great place to get work done

Taste: 5 / 5
Got a Cortado, super bold and rich tasting and it came through really nicely. Will credit this place for making me a cortado person. ",NYC,3 - Would visit again if I‚Äôm in the area,"25 E 20th St, New York, NY 10003","{'lat': 40.7373094, 'lon': -73.9856409}"
10000 Coffee,"Vibe: 3 / 5
Pretty solid location but had no chargers or wifi. Generic coffee shop decor which I can‚Äôt complain about, but really had a hard time stopping by here to work. 

Taste: 5 / 5
Got an espresso matcha latte which was phenomenal. Had never had that combination before but it was so so good. The drink had layers and each tasted very good but once combined it was magical and I don‚Äôt think I can go back to normal matcha lattes ever.",NYC,3 - Would visit again if I‚Äôm in the area,"1410 Broadway Unit 105, New York, NY 10018",
Cafe Atelier,"Vibe: 4 / 5. Very cute setup, great soft music and a great place to get work done. This is also a flower shop which is quite calming as you work. 
Taste: 4 / 5. Good bold espresso taste which I enjoyed. ",NYC,3 - Would visit again if I‚Äôm in the area,"112 Hudson St, New York, NY 10013","{'lat': 40.719582, 'lon': -74.0084712}"
Zibetto Espresso Bar,"Vibe: 4 / 5. Def more of a summertime shop with only outside seating. Otherwise p small interior but very cute, feels very curated (people were wearing gloves and stuff while making espresso). Taste: 4 / 5. Very smooth but still very tasteful. Good espresso m",NYC,3 - Would visit again if I‚Äôm in the area,"1385 Sixth Ave 56th St
New York, NY 10019
United States",
Gregory‚Äôs Coffee,"Vibe: 3 / 5
Solid location, nice decor and I loved that plant wall with the logo on it. Feels a little cramped with the seating. 

Taste: 4 / 5 
Got a double espresso, really liked the taste. Espressos are usually not my go to but I enjoyed this one. Would get again. ",NYC,2 - Would stop by if I stumble upon this place again,"356 7th Avenue, New York, NY 10001","{'lat': 40.74838855, 'lon': -73.99288198691659}"
La Cabra,"Vibe: 2 / 5
Vibes felt off ever since I walked in, the barista didn‚Äôt respond to me saying hello or anything. Didn‚Äôt feel cozy or personable really, though really liked talking to the person that brought my coffee out. It also felt a little too boujee for my taste. 

Taste: 5 / 5
Got a matcha latte, which was really tasty. Didn‚Äôt feel too sweet or too bland, good taste and great consistency. Didn‚Äôt have to see anything. ",NYC,2 - Would stop by if I stumble upon this place again,"152 2nd Ave, New York, NY 10003","{'lat': 40.7294406, 'lon': -73.9868186}"
787 Coffee,"Vibe: 4 / 5 
Super cute shop! Nestled away in a corner, super cozy. Had great lighting, really cool ‚Äúin caffeinated people we trust‚Äù sign and art around the shop. 

Taste: 3 / 5: 
Got a hazelnut latte but the hazelnut was overpowered. Personally don‚Äôt mind that but felt like a waste of money to get the flavor. Overall the latte was smooth, foam was pretty creamy but the rest of the latte felt a little watered down.",NYC,2 - Would stop by if I stumble upon this place again,"256 W 15th St New York, NY 10011","{'lat': 40.740124, 'lon': -74.0014925}"
Felix Roasting Co,"Vibe: 4 / 5
Super fancy vibes from this place, seemed like somewhere business meetings happen for sure. The counter was in the middle and was closer to a coffee bar which was pretty good. Pretty solid place to work, especially if you get one of the good seats. 

Taste: 4 / 5
Got an iced latte on this particularly hot day, and it delivered! I asked for less ice but there was a little too much which watered it down eventually, but no complaints on the quality and balance of the drink itself.",NYC,2 - Would stop by if I stumble upon this place again,"450 Park Ave S, New York, NY 10016","{'lat': 40.7449381, 'lon': -73.9831337}"
Gotan,"Vibe: 3 / 5. This is a super solid work spot with outlets and the vibe but they didn‚Äôt have wifi. They have a great setup so I think they expect people to be working but no wifi sours it a little bit. 
Taste: 3 / 5. Got a cappuccino - little too acidic which spoils the taste a little bit. ",NYC,2 - Would stop by if I stumble upon this place again,"130 Franklin St, New York, NY 10013","{'lat': 40.7191997, 'lon': -74.0066161}"
Vineapple ,"Vibe: 4 / 5. Corner store vibes, small cozy entryway but expands into a bigger seating section. Brick and mortar, which is always nice vibes. Taste: 4 / 5. Devocion beans, and coffee was well made! Espresso was acidic but was nicely balanced by the milk",NYC,2 - Would stop by if I stumble upon this place again,"71 Pineapple St, Brooklyn, NY 11201","{'lat': 40.6983292, 'lon': -73.99305105529417}"
Telegraphe Cafe,"Vibe: 4 / 5. It was super cute, they had covered outdoor seating. Indoor seating was a little crammed, but I loved the decor. Taste: 2 / 5. The coffee was pretty diluted, didn‚Äôt quite taste the espresso at all. ",NYC,2 - Would stop by if I stumble upon this place again,"107 W 18th St, New York, NY 10011","{'lat': 40.740144, 'lon': -73.9954341}"
Vanilla Gorilla Coffee,"Vibe: 2 / 5
It‚Äôs a little too busy being right off a very busy street. Didn‚Äôt really like the vibe of the person taking our order, had some weird interactions in the span of 3 minutes. Decor is nice, good working space generally with a bunch of outlets. 

Taste: 3 / 5
Pretty standard latte, nothing really stood out. Little too cold even though I asked for it extra hot like I usually do. Good balance of creaminess and good consistency. ",NYC,1 - Would not visit again,"332 W 44th St, New York, NY 10036","{'lat': 40.7590451, 'lon': -73.9903243}"
Fulcrum Cafe,"Vibe: 4 / 5: Super nice spot! Nice outdoor seating and indoor had good work spots. Taste: 5 / 5: Got the pistachio cream, LOVED it. Super tasty, a little expensive but it‚Äôs a tasty treat in that way.",Seattle,3 - Would visit again if I‚Äôm in the area,"590 Bell St, Seattle, WA 98121","{'lat': 47.616642, 'lon': -122.342594}"
Himalayan Java Coffee,"Vibe: 5 / 5. Super nice spot, not crowded, had some outdoor seating. Taste: 4 / 5. Another one of those treat coffee places, once in a month but I had their white chocolate latte and it was quite fire. ",Seattle,3 - Would visit again if I‚Äôm in the area,"2502 6th Ave, Seattle, WA 98121","{'lat': 47.6182326, 'lon': -122.344458}"
Grumpy Bean coffee,"Vibe: 4 / 5. Modern decor that I really like! Located on a cute little corner. Enough seating space which honestly could be utilized better but pretty good place to work or just chill. 
Taste: 3 / 5. Pretty good latte but the flavor was too dominated by milk. Good foam, but would‚Äôve liked it to be a little stronger. ",Seattle,3 - Would visit again if I‚Äôm in the area,"910 Stewart St, Seattle, WA 98101","{'lat': 47.6159434, 'lon': -122.3343805}"
Elliot Bay Book Co,"Vibe: 5 / 5. Nestled in the back of a book store, very cozy and very cute. Taste: 3 / 5. The latte was a little diluted, but tasted nice. ",Seattle,3 - Would visit again if I‚Äôm in the area,"1521 10th Ave.
Seattle WA, 98122
United States","{'lat': 47.6147526, 'lon': -122.319957}"
Hood Famous,"Vibe: 4 / 5. I like the setup, it was a coffee bar with cute christmas decor. Taste: 4 / 5. Got a cortado, which was pretty tasty ",Seattle,3 - Would visit again if I‚Äôm in the area,"504 5th Ave S
Unit 107A
Seattle, WA 98104
United States",
Artly Coffee,"Vibe: 2 / 5. 
This was small and not someplace I would stop to work while I drink my coffee. Felt barren and very robotic (bc it literally was) 

Taste: 5 / 5.
The coffee was actually great. Tasted fantastic, latte felt very much like a latte, everything blended together perfectly. ",Seattle,2 - Would stop by if I stumble upon this place again,"101 Stewart St STE 102, Seattle, WA 98101",
Farine Cafe,"Vibe: 4 / 5: Good vibes, nice outdoor seating area. People were super nice. Taste: 3 / 5. Well made, nothing special though. Good taste and standard latte! ",Seattle,2 - Would stop by if I stumble upon this place again,"11194 NE 10th St, Bellevue, WA 98004","{'lat': 47.6195371, 'lon': -122.1913429}"
Umbria Cafe,"Vibe: 4 / 5. Solid work spot. Would come here on a work meeting. Taste: 3 / 5. Expected a lil more given that their branding was all about coffee roasting, but decent coffee nonetheless. ",Seattle,2 - Would stop by if I stumble upon this place again,"622 Olive Way, Seattle, WA 98101","{'lat': 47.6135839, 'lon': -122.3355284}"
